{
  "mae": 4227201.718195565,
  "rmse": 17506524.37973401,
  "r2_score": 0.7901749010903247
}